Aalen, Bietigheim, 98167, 4655, 2023-02-15 17:59:07.716369
Aalen, Bruchsal, 143972, 7470, 2023-02-15 17:59:07.716369
Aalen, Böblingen, 97250, 5018, 2023-02-15 17:59:07.716369
Aalen, Esslingen, 82442, 3831, 2023-02-15 17:59:07.716369
Aalen, Freiburg, 282466, 11423, 2023-02-15 17:59:07.716369
Aalen, Gernsbach, 187168, 8260, 2023-02-15 17:59:07.716369
Aalen, Heidelberg, 189623, 7584, 2023-02-15 17:59:07.716369
Aalen, Heidenheim, 23790, 1481, 2023-02-15 17:59:07.716369
Aalen, Heilbronn, 133143, 5822, 2023-02-15 17:59:07.716369
Aalen, Hinterzarten, 239983, 10318, 2023-02-15 17:59:07.716369
Aalen, Karlsruhe, 156114, 6994, 2023-02-15 17:59:07.716369
Aalen, Konstanz, 252073, 10514, 2023-02-15 17:59:07.716369
Aalen, Lahr, 243926, 10084, 2023-02-15 17:59:07.716369
Aalen, Ludwigsburg, 88048, 4201, 2023-02-15 17:59:07.716369
Aalen, Mannheim, 204596, 8484, 2023-02-15 17:59:07.716369
Aalen, Markdorf, 171056, 7575, 2023-02-15 17:59:07.716369
Aalen, Merzhausen, 284624, 11639, 2023-02-15 17:59:07.716369
Aalen, Offenburg, 224071, 9422, 2023-02-15 17:59:07.716369
Aalen, Pforzheim, 125979, 6047, 2023-02-15 17:59:07.716369
Aalen, Reutlingen, 116974, 5778, 2023-02-15 17:59:07.716369
Aalen, Riederich, 86355, 4953, 2023-02-15 17:59:07.716369
Aalen, Salem, Baden-Württemberg, 180648, 8323, 2023-02-15 17:59:07.716369
Aalen, Schwäbisch Gmünd, 25008, 1451, 2023-02-15 17:59:07.716369
Aalen, Strasbourg, 229201, 10172, 2023-02-15 17:59:07.716369
Aalen, Stuttgart, 78017, 3615, 2023-02-15 17:59:07.716369
Aalen, Tuttlingen, 204068, 8959, 2023-02-15 17:59:07.716369
Aalen, Tübingen, 122273, 6005, 2023-02-15 17:59:07.716369
Aalen, Ulm, Baden-Württemberg, 74710, 3317, 2023-02-15 17:59:07.716369
Aalen, Vaihingen, 101725, 4950, 2023-02-15 17:59:07.716369
Aalen, Villingen-Schwenningen, 194340, 8475, 2023-02-15 17:59:07.716369
Aalen, Weinheim, 208085, 8297, 2023-02-15 17:59:07.716369
Aalen, Öhringen, 108406, 4717, 2023-02-15 17:59:07.716369
Bietigheim, Aalen, 98166, 4834, 2023-02-15 17:59:07.716369
Bietigheim, Bruchsal, 56446, 3730, 2023-02-15 17:59:07.716369
Bietigheim, Böblingen, 38793, 2073, 2023-02-15 17:59:07.716369
Bietigheim, Esslingen, 35774, 2434, 2023-02-15 17:59:07.716369
Bietigheim, Freiburg, 209270, 8151, 2023-02-15 17:59:07.716369
Bietigheim, Gernsbach, 113972, 4987, 2023-02-15 17:59:07.716369
Bietigheim, Heidelberg, 102370, 4152, 2023-02-15 17:59:07.716369
Bietigheim, Heidenheim, 105007, 5859, 2023-02-15 17:59:07.716369
Bietigheim, Heilbronn, 37512, 2223, 2023-02-15 17:59:07.716369
Bietigheim, Hinterzarten, 181525, 7372, 2023-02-15 17:59:07.716369
Bietigheim, Karlsruhe, 82918, 3722, 2023-02-15 17:59:07.716369
Bietigheim, Konstanz, 193615, 7569, 2023-02-15 17:59:07.716369
Bietigheim, Lahr, 170730, 6812, 2023-02-15 17:59:07.716369
Bietigheim, Ludwigsburg, 9290, 999, 2023-02-15 17:59:07.716369
Bietigheim, Mannheim, 117344, 5052, 2023-02-15 17:59:07.716369
Bietigheim, Markdorf, 213454, 8421, 2023-02-15 17:59:07.716369
Bietigheim, Merzhausen, 211429, 8367, 2023-02-15 17:59:07.716369
Bietigheim, Offenburg, 150876, 6149, 2023-02-15 17:59:07.716369
Bietigheim, Pforzheim, 52784, 2775, 2023-02-15 17:59:07.716369
Bietigheim, Reutlingen, 69493, 3213, 2023-02-15 17:59:07.716369
Bietigheim, Riederich, 61196, 2786, 2023-02-15 17:59:07.716369
Bietigheim, Salem, Baden-Württemberg, 204010, 8014, 2023-02-15 17:59:07.716369
Bietigheim, Schwäbisch Gmünd, 74919, 3607, 2023-02-15 17:59:07.716369
Bietigheim, Strasbourg, 156005, 6899, 2023-02-15 17:59:07.716369
Bietigheim, Stuttgart, 26792, 1889, 2023-02-15 17:59:07.716369
Bietigheim, Tuttlingen, 145611, 6013, 2023-02-15 17:59:07.716369
Bietigheim, Tübingen, 74792, 3440, 2023-02-15 17:59:07.716369
Bietigheim, Ulm, Baden-Württemberg, 121936, 5053, 2023-02-15 17:59:07.716369
Bietigheim, Vaihingen, 16915, 1238, 2023-02-15 17:59:07.716369
Bietigheim, Villingen-Schwenningen, 135883, 5530, 2023-02-15 17:59:07.716369
Bietigheim, Weinheim, 120833, 4865, 2023-02-15 17:59:07.716369
Bietigheim, Öhringen, 52121, 2428, 2023-02-15 17:59:07.716369
Bruchsal, Aalen, 194906, 7731, 2023-02-15 17:59:07.716369
Bruchsal, Bietigheim, 58228, 3726, 2023-02-15 17:59:07.716369
Bruchsal, Böblingen, 94595, 4178, 2023-02-15 17:59:07.716369
Bruchsal, Esslingen, 114381, 5200, 2023-02-15 17:59:07.716369
Bruchsal, Freiburg, 160108, 6210, 2023-02-15 17:59:07.716369
Bruchsal, Gernsbach, 64810, 3046, 2023-02-15 17:59:07.716369
Bruchsal, Heidelberg, 34657, 1689, 2023-02-15 17:59:07.716369
Bruchsal, Heidenheim, 178807, 8083, 2023-02-15 17:59:07.716369
Bruchsal, Heilbronn, 72403, 3140, 2023-02-15 17:59:07.716369
Bruchsal, Hinterzarten, 185416, 7787, 2023-02-15 17:59:07.716369
Bruchsal, Karlsruhe, 29412, 1581, 2023-02-15 17:59:07.716369
Bruchsal, Konstanz, 249417, 9674, 2023-02-15 17:59:07.716369
Bruchsal, Lahr, 121568, 4871, 2023-02-15 17:59:07.716369
Bruchsal, Ludwigsburg, 69622, 4153, 2023-02-15 17:59:07.716369
Bruchsal, Mannheim, 51354, 2598, 2023-02-15 17:59:07.716369
Bruchsal, Markdorf, 269256, 10526, 2023-02-15 17:59:07.716369
Bruchsal, Merzhausen, 162267, 6425, 2023-02-15 17:59:07.716369
Bruchsal, Offenburg, 101714, 4208, 2023-02-15 17:59:07.716369
Bruchsal, Pforzheim, 49770, 2489, 2023-02-15 17:59:07.716369
Bruchsal, Reutlingen, 125294, 5318, 2023-02-15 17:59:07.716369
Bruchsal, Riederich, 116998, 4891, 2023-02-15 17:59:07.716369
Bruchsal, Salem, Baden-Württemberg, 259812, 10118, 2023-02-15 17:59:07.716369
Bruchsal, Schwäbisch Gmünd, 120479, 6340, 2023-02-15 17:59:07.716369
Bruchsal, Strasbourg, 106843, 4958, 2023-02-15 17:59:07.716369
Bruchsal, Stuttgart, 97030, 4591, 2023-02-15 17:59:07.716369
Bruchsal, Tuttlingen, 201413, 8118, 2023-02-15 17:59:07.716369
Bruchsal, Tübingen, 130594, 5545, 2023-02-15 17:59:07.716369
Bruchsal, Ulm, Baden-Württemberg, 177738, 7158, 2023-02-15 17:59:07.716369
Bruchsal, Vaihingen, 42268, 2716, 2023-02-15 17:59:07.716369
Bruchsal, Villingen-Schwenningen, 191685, 7634, 2023-02-15 17:59:07.716369
Bruchsal, Weinheim, 53119, 2401, 2023-02-15 17:59:07.716369
Bruchsal, Öhringen, 90781, 3775, 2023-02-15 17:59:07.716369
Böblingen, Aalen, 98175, 4974, 2023-02-15 17:59:07.716369
Böblingen, Bietigheim, 40931, 1999, 2023-02-15 17:59:07.716369
Böblingen, Bruchsal, 95360, 3985, 2023-02-15 17:59:07.716369
Böblingen, Esslingen, 34680, 2155, 2023-02-15 17:59:07.716369
Böblingen, Freiburg, 170010, 7727, 2023-02-15 17:59:07.716369
Böblingen, Gernsbach, 107094, 4698, 2023-02-15 17:59:07.716369
Böblingen, Heidelberg, 121570, 4935, 2023-02-15 17:59:07.716369
Böblingen, Heidenheim, 99106, 5038, 2023-02-15 17:59:07.716369
Böblingen, Heilbronn, 68918, 3362, 2023-02-15 17:59:07.716369
Böblingen, Hinterzarten, 144897, 5889, 2023-02-15 17:59:07.716369
Böblingen, Karlsruhe, 76040, 3433, 2023-02-15 17:59:07.716369
Böblingen, Konstanz, 156986, 6086, 2023-02-15 17:59:07.716369
Böblingen, Lahr, 163852, 6523, 2023-02-15 17:59:07.716369
Böblingen, Ludwigsburg, 38850, 1959, 2023-02-15 17:59:07.716369
Böblingen, Mannheim, 138267, 5844, 2023-02-15 17:59:07.716369
Böblingen, Markdorf, 176825, 6938, 2023-02-15 17:59:07.716369
Böblingen, Merzhausen, 171218, 7885, 2023-02-15 17:59:07.716369
Böblingen, Offenburg, 143998, 5860, 2023-02-15 17:59:07.716369
Böblingen, Pforzheim, 45906, 2486, 2023-02-15 17:59:07.716369
Böblingen, Reutlingen, 32855, 2108, 2023-02-15 17:59:07.716369
Böblingen, Riederich, 37296, 1846, 2023-02-15 17:59:07.716369
Böblingen, Salem, Baden-Württemberg, 167381, 6531, 2023-02-15 17:59:07.716369
Böblingen, Schwäbisch Gmünd, 74928, 3747, 2023-02-15 17:59:07.716369
Böblingen, Strasbourg, 149127, 6610, 2023-02-15 17:59:07.716369
Böblingen, Stuttgart, 21576, 1548, 2023-02-15 17:59:07.716369
Böblingen, Tuttlingen, 108982, 4530, 2023-02-15 17:59:07.716369
Böblingen, Tübingen, 24309, 1777, 2023-02-15 17:59:07.716369
Böblingen, Ulm, Baden-Württemberg, 98036, 4113, 2023-02-15 17:59:07.716369
Böblingen, Vaihingen, 44813, 2334, 2023-02-15 17:59:07.716369
Böblingen, Villingen-Schwenningen, 99254, 4046, 2023-02-15 17:59:07.716369
Böblingen, Weinheim, 140032, 5647, 2023-02-15 17:59:07.716369
Böblingen, Öhringen, 83527, 3567, 2023-02-15 17:59:07.716369
Esslingen, Aalen, 81662, 3725, 2023-02-15 17:59:07.716369
Esslingen, Bietigheim, 35391, 2184, 2023-02-15 17:59:07.716369
Esslingen, Bruchsal, 111891, 4891, 2023-02-15 17:59:07.716369
Esslingen, Böblingen, 33059, 2110, 2023-02-15 17:59:07.716369
Esslingen, Freiburg, 218923, 8768, 2023-02-15 17:59:07.716369
Esslingen, Gernsbach, 123625, 5604, 2023-02-15 17:59:07.716369
Esslingen, Heidelberg, 128237, 5476, 2023-02-15 17:59:07.716369
Esslingen, Heidenheim, 72518, 3986, 2023-02-15 17:59:07.716369
Esslingen, Heilbronn, 63378, 3547, 2023-02-15 17:59:07.716369
Esslingen, Hinterzarten, 175792, 7409, 2023-02-15 17:59:07.716369
Esslingen, Karlsruhe, 92571, 4338, 2023-02-15 17:59:07.716369
Esslingen, Konstanz, 187882, 7606, 2023-02-15 17:59:07.716369
Esslingen, Lahr, 180383, 7429, 2023-02-15 17:59:07.716369
Esslingen, Ludwigsburg, 25272, 1730, 2023-02-15 17:59:07.716369
Esslingen, Mannheim, 143210, 6376, 2023-02-15 17:59:07.716369
Esslingen, Markdorf, 187144, 8265, 2023-02-15 17:59:07.716369
Esslingen, Merzhausen, 221081, 8984, 2023-02-15 17:59:07.716369
Esslingen, Offenburg, 160528, 6766, 2023-02-15 17:59:07.716369
Esslingen, Pforzheim, 62436, 3392, 2023-02-15 17:59:07.716369
Esslingen, Reutlingen, 47655, 2650, 2023-02-15 17:59:07.716369
Esslingen, Riederich, 32998, 2120, 2023-02-15 17:59:07.716369
Esslingen, Salem, Baden-Württemberg, 198277, 8050, 2023-02-15 17:59:07.716369
Esslingen, Schwäbisch Gmünd, 58415, 2499, 2023-02-15 17:59:07.716369
Esslingen, Strasbourg, 165658, 7516, 2023-02-15 17:59:07.716369
Esslingen, Stuttgart, 15240, 1145, 2023-02-15 17:59:07.716369
Esslingen, Tuttlingen, 139877, 6050, 2023-02-15 17:59:07.716369
Esslingen, Tübingen, 52954, 2877, 2023-02-15 17:59:07.716369
Esslingen, Ulm, Baden-Württemberg, 84371, 3705, 2023-02-15 17:59:07.716369
Esslingen, Vaihingen, 38949, 2479, 2023-02-15 17:59:07.716369
Esslingen, Villingen-Schwenningen, 130150, 5566, 2023-02-15 17:59:07.716369
Esslingen, Weinheim, 146699, 6189, 2023-02-15 17:59:07.716369
Esslingen, Öhringen, 77988, 3752, 2023-02-15 17:59:07.716369
Freiburg, Aalen, 280815, 11540, 2023-02-15 17:59:07.716369
Freiburg, Bietigheim, 208790, 8167, 2023-02-15 17:59:07.716369
Freiburg, Bruchsal, 158172, 6088, 2023-02-15 17:59:07.716369
Freiburg, Böblingen, 168145, 7666, 2023-02-15 17:59:07.716369
Freiburg, Esslingen, 219302, 8957, 2023-02-15 17:59:07.716369
Freiburg, Gernsbach, 130318, 5296, 2023-02-15 17:59:07.716369
Freiburg, Heidelberg, 184382, 7037, 2023-02-15 17:59:07.716369
Freiburg, Heidenheim, 283728, 11839, 2023-02-15 17:59:07.716369
Freiburg, Heilbronn, 222128, 8488, 2023-02-15 17:59:07.716369
Freiburg, Hinterzarten, 27501, 2130, 2023-02-15 17:59:07.716369
Freiburg, Karlsruhe, 135275, 5404, 2023-02-15 17:59:07.716369
Freiburg, Konstanz, 124744, 6492, 2023-02-15 17:59:07.716369
Freiburg, Lahr, 53806, 2533, 2023-02-15 17:59:07.716369
Freiburg, Ludwigsburg, 206710, 8127, 2023-02-15 17:59:07.716369
Freiburg, Mannheim, 201079, 7947, 2023-02-15 17:59:07.716369
Freiburg, Markdorf, 144582, 7344, 2023-02-15 17:59:07.716369
Freiburg, Merzhausen, 4512, 729, 2023-02-15 17:59:07.716369
Freiburg, Offenburg, 65453, 2947, 2023-02-15 17:59:07.716369
Freiburg, Pforzheim, 154691, 6246, 2023-02-15 17:59:07.716369
Freiburg, Reutlingen, 173192, 8301, 2023-02-15 17:59:07.716369
Freiburg, Riederich, 221918, 8648, 2023-02-15 17:59:07.716369
Freiburg, Salem, Baden-Württemberg, 135139, 6937, 2023-02-15 17:59:07.716369
Freiburg, Schwäbisch Gmünd, 257568, 10314, 2023-02-15 17:59:07.716369
Freiburg, Strasbourg, 88435, 4073, 2023-02-15 17:59:07.716369
Freiburg, Stuttgart, 201951, 8347, 2023-02-15 17:59:07.716369
Freiburg, Tuttlingen, 97775, 5467, 2023-02-15 17:59:07.716369
Freiburg, Tübingen, 162587, 7770, 2023-02-15 17:59:07.716369
Freiburg, Ulm, Baden-Württemberg, 282658, 10915, 2023-02-15 17:59:07.716369
Freiburg, Vaihingen, 177822, 7496, 2023-02-15 17:59:07.716369
Freiburg, Villingen-Schwenningen, 63490, 4055, 2023-02-15 17:59:07.716369
Freiburg, Weinheim, 202844, 7750, 2023-02-15 17:59:07.716369
Freiburg, Öhringen, 240506, 9124, 2023-02-15 17:59:07.716369
Gernsbach, Aalen, 185963, 8437, 2023-02-15 17:59:07.716369
Gernsbach, Bietigheim, 113938, 5064, 2023-02-15 17:59:07.716369
Gernsbach, Bruchsal, 63320, 2984, 2023-02-15 17:59:07.716369
Gernsbach, Böblingen, 104664, 4831, 2023-02-15 17:59:07.716369
Gernsbach, Esslingen, 124450, 5853, 2023-02-15 17:59:07.716369
Gernsbach, Freiburg, 131352, 5405, 2023-02-15 17:59:07.716369
Gernsbach, Heidelberg, 89530, 3934, 2023-02-15 17:59:07.716369
Gernsbach, Heidenheim, 188876, 8736, 2023-02-15 17:59:07.716369
Gernsbach, Heilbronn, 127276, 5385, 2023-02-15 17:59:07.716369
Gernsbach, Hinterzarten, 156659, 6982, 2023-02-15 17:59:07.716369
Gernsbach, Karlsruhe, 40423, 2301, 2023-02-15 17:59:07.716369
Gernsbach, Konstanz, 169104, 8633, 2023-02-15 17:59:07.716369
Gernsbach, Lahr, 92812, 4065, 2023-02-15 17:59:07.716369
Gernsbach, Ludwigsburg, 111858, 5024, 2023-02-15 17:59:07.716369
Gernsbach, Mannheim, 106228, 4843, 2023-02-15 17:59:07.716369
Gernsbach, Markdorf, 188943, 9485, 2023-02-15 17:59:07.716369
Gernsbach, Merzhausen, 133510, 5620, 2023-02-15 17:59:07.716369
Gernsbach, Offenburg, 72957, 3403, 2023-02-15 17:59:07.716369
Gernsbach, Pforzheim, 59839, 3142, 2023-02-15 17:59:07.716369
Gernsbach, Reutlingen, 135363, 5971, 2023-02-15 17:59:07.716369
Gernsbach, Riederich, 127067, 5545, 2023-02-15 17:59:07.716369
Gernsbach, Salem, Baden-Württemberg, 179499, 9077, 2023-02-15 17:59:07.716369
Gernsbach, Schwäbisch Gmünd, 162716, 7211, 2023-02-15 17:59:07.716369
Gernsbach, Strasbourg, 78087, 4153, 2023-02-15 17:59:07.716369
Gernsbach, Stuttgart, 107099, 5244, 2023-02-15 17:59:07.716369
Gernsbach, Tuttlingen, 121100, 7077, 2023-02-15 17:59:07.716369
Gernsbach, Tübingen, 140663, 6198, 2023-02-15 17:59:07.716369
Gernsbach, Ulm, Baden-Württemberg, 187807, 7812, 2023-02-15 17:59:07.716369
Gernsbach, Vaihingen, 82970, 4393, 2023-02-15 17:59:07.716369
Gernsbach, Villingen-Schwenningen, 101107, 6490, 2023-02-15 17:59:07.716369
Gernsbach, Weinheim, 107993, 4647, 2023-02-15 17:59:07.716369
Gernsbach, Öhringen, 145654, 6021, 2023-02-15 17:59:07.716369
Heidelberg, Aalen, 190431, 7586, 2023-02-15 17:59:07.716369
Heidelberg, Bietigheim, 103328, 4174, 2023-02-15 17:59:07.716369
Heidelberg, Bruchsal, 35478, 1696, 2023-02-15 17:59:07.716369
Heidelberg, Böblingen, 120270, 5068, 2023-02-15 17:59:07.716369
Heidelberg, Esslingen, 130021, 5750, 2023-02-15 17:59:07.716369
Heidelberg, Freiburg, 185784, 7100, 2023-02-15 17:59:07.716369
Heidelberg, Gernsbach, 90486, 3936, 2023-02-15 17:59:07.716369
Heidelberg, Heidenheim, 211254, 8208, 2023-02-15 17:59:07.716369
Heidelberg, Heilbronn, 67928, 2995, 2023-02-15 17:59:07.716369
Heidelberg, Hinterzarten, 211091, 8677, 2023-02-15 17:59:07.716369
Heidelberg, Karlsruhe, 55088, 2471, 2023-02-15 17:59:07.716369
Heidelberg, Konstanz, 275092, 10564, 2023-02-15 17:59:07.716369
Heidelberg, Lahr, 147244, 5760, 2023-02-15 17:59:07.716369
Heidelberg, Ludwigsburg, 103928, 4370, 2023-02-15 17:59:07.716369
Heidelberg, Mannheim, 19671, 1482, 2023-02-15 17:59:07.716369
Heidelberg, Markdorf, 294931, 11416, 2023-02-15 17:59:07.716369
Heidelberg, Merzhausen, 187942, 7315, 2023-02-15 17:59:07.716369
Heidelberg, Offenburg, 127389, 5098, 2023-02-15 17:59:07.716369
Heidelberg, Pforzheim, 75446, 3379, 2023-02-15 17:59:07.716369
Heidelberg, Reutlingen, 150970, 6208, 2023-02-15 17:59:07.716369
Heidelberg, Riederich, 142673, 5781, 2023-02-15 17:59:07.716369
Heidelberg, Salem, Baden-Württemberg, 285487, 11008, 2023-02-15 17:59:07.716369
Heidelberg, Schwäbisch Gmünd, 169166, 6923, 2023-02-15 17:59:07.716369
Heidelberg, Strasbourg, 132519, 5848, 2023-02-15 17:59:07.716369
Heidelberg, Stuttgart, 121039, 5205, 2023-02-15 17:59:07.716369
Heidelberg, Tuttlingen, 227088, 9008, 2023-02-15 17:59:07.716369
Heidelberg, Tübingen, 156269, 6435, 2023-02-15 17:59:07.716369
Heidelberg, Ulm, Baden-Württemberg, 203413, 8048, 2023-02-15 17:59:07.716369
Heidelberg, Vaihingen, 77277, 4291, 2023-02-15 17:59:07.716369
Heidelberg, Villingen-Schwenningen, 217360, 8524, 2023-02-15 17:59:07.716369
Heidelberg, Weinheim, 21733, 1321, 2023-02-15 17:59:07.716369
Heidelberg, Öhringen, 86306, 3630, 2023-02-15 17:59:07.716369
Heidenheim, Aalen, 23205, 1580, 2023-02-15 17:59:07.716369
Heidenheim, Bietigheim, 105238, 5778, 2023-02-15 17:59:07.716369
Heidenheim, Bruchsal, 177073, 7910, 2023-02-15 17:59:07.716369
Heidenheim, Böblingen, 98242, 5129, 2023-02-15 17:59:07.716369
Heidenheim, Esslingen, 72486, 4102, 2023-02-15 17:59:07.716369
Heidenheim, Freiburg, 284105, 11787, 2023-02-15 17:59:07.716369
Heidenheim, Gernsbach, 188807, 8624, 2023-02-15 17:59:07.716369
Heidenheim, Heidelberg, 210898, 8251, 2023-02-15 17:59:07.716369
Heidenheim, Heilbronn, 154418, 6488, 2023-02-15 17:59:07.716369
Heidenheim, Hinterzarten, 240975, 10428, 2023-02-15 17:59:07.716369
Heidenheim, Karlsruhe, 157753, 7358, 2023-02-15 17:59:07.716369
Heidenheim, Konstanz, 196856, 10238, 2023-02-15 17:59:07.716369
Heidenheim, Lahr, 245566, 10448, 2023-02-15 17:59:07.716369
Heidenheim, Ludwigsburg, 95118, 5323, 2023-02-15 17:59:07.716369
Heidenheim, Mannheim, 225871, 9150, 2023-02-15 17:59:07.716369
Heidenheim, Markdorf, 147410, 6786, 2023-02-15 17:59:07.716369
Heidenheim, Merzhausen, 286264, 12003, 2023-02-15 17:59:07.716369
Heidenheim, Offenburg, 225711, 9786, 2023-02-15 17:59:07.716369
Heidenheim, Pforzheim, 127619, 6411, 2023-02-15 17:59:07.716369
Heidenheim, Reutlingen, 94520, 5523, 2023-02-15 17:59:07.716369
Heidenheim, Riederich, 83849, 4798, 2023-02-15 17:59:07.716369
Heidenheim, Salem, Baden-Württemberg, 157001, 7534, 2023-02-15 17:59:07.716369
Heidenheim, Schwäbisch Gmünd, 39328, 2533, 2023-02-15 17:59:07.716369
Heidenheim, Strasbourg, 230840, 10536, 2023-02-15 17:59:07.716369
Heidenheim, Stuttgart, 85087, 4738, 2023-02-15 17:59:07.716369
Heidenheim, Tuttlingen, 174673, 8821, 2023-02-15 17:59:07.716369
Heidenheim, Tübingen, 118137, 5896, 2023-02-15 17:59:07.716369
Heidenheim, Ulm, Baden-Württemberg, 51063, 2528, 2023-02-15 17:59:07.716369
Heidenheim, Vaihingen, 108796, 6073, 2023-02-15 17:59:07.716369
Heidenheim, Villingen-Schwenningen, 195332, 8586, 2023-02-15 17:59:07.716369
Heidenheim, Weinheim, 229360, 8963, 2023-02-15 17:59:07.716369
Heidenheim, Öhringen, 129681, 5384, 2023-02-15 17:59:07.716369
Heilbronn, Aalen, 133743, 5730, 2023-02-15 17:59:07.716369
Heilbronn, Bietigheim, 37048, 2165, 2023-02-15 17:59:07.716369
Heilbronn, Bruchsal, 73159, 3194, 2023-02-15 17:59:07.716369
Heilbronn, Böblingen, 66760, 3380, 2023-02-15 17:59:07.716369
Heilbronn, Esslingen, 63741, 3741, 2023-02-15 17:59:07.716369
Heilbronn, Freiburg, 223465, 8598, 2023-02-15 17:59:07.716369
Heilbronn, Gernsbach, 128167, 5434, 2023-02-15 17:59:07.716369
Heilbronn, Heidelberg, 66542, 2959, 2023-02-15 17:59:07.716369
Heilbronn, Heidenheim, 154566, 6352, 2023-02-15 17:59:07.716369
Heilbronn, Hinterzarten, 209493, 8679, 2023-02-15 17:59:07.716369
Heilbronn, Karlsruhe, 92769, 3969, 2023-02-15 17:59:07.716369
Heilbronn, Konstanz, 221582, 8876, 2023-02-15 17:59:07.716369
Heilbronn, Lahr, 184925, 7258, 2023-02-15 17:59:07.716369
Heilbronn, Ludwigsburg, 37648, 2361, 2023-02-15 17:59:07.716369
Heilbronn, Mannheim, 81515, 3859, 2023-02-15 17:59:07.716369
Heilbronn, Markdorf, 241421, 9728, 2023-02-15 17:59:07.716369
Heilbronn, Merzhausen, 225623, 8813, 2023-02-15 17:59:07.716369
Heilbronn, Offenburg, 165070, 6596, 2023-02-15 17:59:07.716369
Heilbronn, Pforzheim, 80751, 4082, 2023-02-15 17:59:07.716369
Heilbronn, Reutlingen, 97460, 4520, 2023-02-15 17:59:07.716369
Heilbronn, Riederich, 89163, 4093, 2023-02-15 17:59:07.716369
Heilbronn, Salem, Baden-Württemberg, 231977, 9321, 2023-02-15 17:59:07.716369
Heilbronn, Schwäbisch Gmünd, 102887, 4914, 2023-02-15 17:59:07.716369
Heilbronn, Strasbourg, 170200, 7346, 2023-02-15 17:59:07.716369
Heilbronn, Stuttgart, 54759, 3196, 2023-02-15 17:59:07.716369
Heilbronn, Tuttlingen, 173578, 7320, 2023-02-15 17:59:07.716369
Heilbronn, Tübingen, 102759, 4747, 2023-02-15 17:59:07.716369
Heilbronn, Ulm, Baden-Württemberg, 149903, 6360, 2023-02-15 17:59:07.716369
Heilbronn, Vaihingen, 36911, 2612, 2023-02-15 17:59:07.716369
Heilbronn, Villingen-Schwenningen, 163850, 6837, 2023-02-15 17:59:07.716369
Heilbronn, Weinheim, 85004, 3672, 2023-02-15 17:59:07.716369
Heilbronn, Öhringen, 29618, 1775, 2023-02-15 17:59:07.716369
Hinterzarten, Aalen, 240051, 10314, 2023-02-15 17:59:07.716369
Hinterzarten, Bietigheim, 182807, 7339, 2023-02-15 17:59:07.716369
Hinterzarten, Bruchsal, 183599, 7721, 2023-02-15 17:59:07.716369
Hinterzarten, Böblingen, 142761, 5802, 2023-02-15 17:59:07.716369
Hinterzarten, Esslingen, 176557, 7495, 2023-02-15 17:59:07.716369
Hinterzarten, Freiburg, 27439, 2111, 2023-02-15 17:59:07.716369
Hinterzarten, Gernsbach, 155745, 6929, 2023-02-15 17:59:07.716369
Hinterzarten, Heidelberg, 209809, 8670, 2023-02-15 17:59:07.716369
Hinterzarten, Heidenheim, 240983, 10378, 2023-02-15 17:59:07.716369
Hinterzarten, Heilbronn, 210794, 8702, 2023-02-15 17:59:07.716369
Hinterzarten, Karlsruhe, 160702, 7037, 2023-02-15 17:59:07.716369
Hinterzarten, Konstanz, 99361, 4628, 2023-02-15 17:59:07.716369
Hinterzarten, Lahr, 79233, 4166, 2023-02-15 17:59:07.716369
Hinterzarten, Ludwigsburg, 180727, 7299, 2023-02-15 17:59:07.716369
Hinterzarten, Mannheim, 226506, 9580, 2023-02-15 17:59:07.716369
Hinterzarten, Markdorf, 119199, 5480, 2023-02-15 17:59:07.716369
Hinterzarten, Merzhausen, 28646, 2270, 2023-02-15 17:59:07.716369
Hinterzarten, Offenburg, 90880, 4580, 2023-02-15 17:59:07.716369
Hinterzarten, Pforzheim, 180118, 7879, 2023-02-15 17:59:07.716369
Hinterzarten, Reutlingen, 147808, 6437, 2023-02-15 17:59:07.716369
Hinterzarten, Riederich, 154782, 6843, 2023-02-15 17:59:07.716369
Hinterzarten, Salem, Baden-Württemberg, 109756, 5073, 2023-02-15 17:59:07.716369
Hinterzarten, Schwäbisch Gmünd, 216804, 9087, 2023-02-15 17:59:07.716369
Hinterzarten, Strasbourg, 113862, 5706, 2023-02-15 17:59:07.716369
Hinterzarten, Stuttgart, 163452, 6887, 2023-02-15 17:59:07.716369
Hinterzarten, Tuttlingen, 72392, 3603, 2023-02-15 17:59:07.716369
Hinterzarten, Tübingen, 137203, 5906, 2023-02-15 17:59:07.716369
Hinterzarten, Ulm, Baden-Württemberg, 239913, 9453, 2023-02-15 17:59:07.716369
Hinterzarten, Vaihingen, 186690, 7674, 2023-02-15 17:59:07.716369
Hinterzarten, Villingen-Schwenningen, 55101, 2756, 2023-02-15 17:59:07.716369
Hinterzarten, Weinheim, 228271, 9383, 2023-02-15 17:59:07.716369
Hinterzarten, Öhringen, 225403, 8907, 2023-02-15 17:59:07.716369
Karlsruhe, Aalen, 154610, 7143, 2023-02-15 17:59:07.716369
Karlsruhe, Bietigheim, 82586, 3769, 2023-02-15 17:59:07.716369
Karlsruhe, Bruchsal, 26746, 1539, 2023-02-15 17:59:07.716369
Karlsruhe, Böblingen, 73311, 3537, 2023-02-15 17:59:07.716369
Karlsruhe, Esslingen, 93098, 4559, 2023-02-15 17:59:07.716369
Karlsruhe, Freiburg, 135783, 5448, 2023-02-15 17:59:07.716369
Karlsruhe, Gernsbach, 40485, 2284, 2023-02-15 17:59:07.716369
Karlsruhe, Heidelberg, 52955, 2489, 2023-02-15 17:59:07.716369
Karlsruhe, Heidenheim, 157524, 7442, 2023-02-15 17:59:07.716369
Karlsruhe, Heilbronn, 90701, 3940, 2023-02-15 17:59:07.716369
Karlsruhe, Hinterzarten, 161091, 7025, 2023-02-15 17:59:07.716369
Karlsruhe, Konstanz, 228134, 9033, 2023-02-15 17:59:07.716369
Karlsruhe, Lahr, 97243, 4109, 2023-02-15 17:59:07.716369
Karlsruhe, Ludwigsburg, 80506, 3730, 2023-02-15 17:59:07.716369
Karlsruhe, Mannheim, 69653, 3398, 2023-02-15 17:59:07.716369
Karlsruhe, Markdorf, 247972, 9885, 2023-02-15 17:59:07.716369
Karlsruhe, Merzhausen, 137942, 5663, 2023-02-15 17:59:07.716369
Karlsruhe, Offenburg, 77389, 3446, 2023-02-15 17:59:07.716369
Karlsruhe, Pforzheim, 28487, 1848, 2023-02-15 17:59:07.716369
Karlsruhe, Reutlingen, 104011, 4677, 2023-02-15 17:59:07.716369
Karlsruhe, Riederich, 95714, 4250, 2023-02-15 17:59:07.716369
Karlsruhe, Salem, Baden-Württemberg, 238529, 9478, 2023-02-15 17:59:07.716369
Karlsruhe, Schwäbisch Gmünd, 131363, 5916, 2023-02-15 17:59:07.716369
Karlsruhe, Strasbourg, 82518, 4196, 2023-02-15 17:59:07.716369
Karlsruhe, Stuttgart, 75747, 3950, 2023-02-15 17:59:07.716369
Karlsruhe, Tuttlingen, 180129, 7477, 2023-02-15 17:59:07.716369
Karlsruhe, Tübingen, 109310, 4904, 2023-02-15 17:59:07.716369
Karlsruhe, Ulm, Baden-Württemberg, 156454, 6517, 2023-02-15 17:59:07.716369
Karlsruhe, Vaihingen, 51618, 3099, 2023-02-15 17:59:07.716369
Karlsruhe, Villingen-Schwenningen, 170401, 6994, 2023-02-15 17:59:07.716369
Karlsruhe, Weinheim, 71418, 3202, 2023-02-15 17:59:07.716369
Karlsruhe, Öhringen, 109079, 4576, 2023-02-15 17:59:07.716369
Konstanz, Aalen, 251933, 10557, 2023-02-15 17:59:07.716369
Konstanz, Bietigheim, 194689, 7583, 2023-02-15 17:59:07.716369
Konstanz, Bruchsal, 243336, 9481, 2023-02-15 17:59:07.716369
Konstanz, Böblingen, 154643, 6046, 2023-02-15 17:59:07.716369
Konstanz, Esslingen, 188438, 7738, 2023-02-15 17:59:07.716369
Konstanz, Freiburg, 124897, 6539, 2023-02-15 17:59:07.716369
Konstanz, Gernsbach, 169374, 8675, 2023-02-15 17:59:07.716369
Konstanz, Heidelberg, 269546, 10431, 2023-02-15 17:59:07.716369
Konstanz, Heidenheim, 198532, 10374, 2023-02-15 17:59:07.716369
Konstanz, Heilbronn, 222676, 8945, 2023-02-15 17:59:07.716369
Konstanz, Hinterzarten, 99783, 4701, 2023-02-15 17:59:07.716369
Konstanz, Karlsruhe, 224016, 8929, 2023-02-15 17:59:07.716369
Konstanz, Lahr, 145194, 7687, 2023-02-15 17:59:07.716369
Konstanz, Ludwigsburg, 192608, 7543, 2023-02-15 17:59:07.716369
Konstanz, Mannheim, 286243, 11340, 2023-02-15 17:59:07.716369
Konstanz, Markdorf, 19811, 3287, 2023-02-15 17:59:07.716369
Konstanz, Merzhausen, 126104, 6697, 2023-02-15 17:59:07.716369
Konstanz, Offenburg, 151045, 7838, 2023-02-15 17:59:07.716369
Konstanz, Pforzheim, 193882, 7982, 2023-02-15 17:59:07.716369
Konstanz, Reutlingen, 159690, 6680, 2023-02-15 17:59:07.716369
Konstanz, Riederich, 166664, 7087, 2023-02-15 17:59:07.716369
Konstanz, Salem, Baden-Württemberg, 18806, 3255, 2023-02-15 17:59:07.716369
Konstanz, Schwäbisch Gmünd, 228686, 9331, 2023-02-15 17:59:07.716369
Konstanz, Strasbourg, 179633, 9242, 2023-02-15 17:59:07.716369
Konstanz, Stuttgart, 175334, 7131, 2023-02-15 17:59:07.716369
Konstanz, Tuttlingen, 60652, 3425, 2023-02-15 17:59:07.716369
Konstanz, Tübingen, 149085, 6150, 2023-02-15 17:59:07.716369
Konstanz, Ulm, Baden-Württemberg, 125016, 8175, 2023-02-15 17:59:07.716369
Konstanz, Vaihingen, 198571, 7918, 2023-02-15 17:59:07.716369
Konstanz, Villingen-Schwenningen, 78319, 3426, 2023-02-15 17:59:07.716369
Konstanz, Weinheim, 288009, 11144, 2023-02-15 17:59:07.716369
Konstanz, Öhringen, 237285, 9151, 2023-02-15 17:59:07.716369
Lahr, Aalen, 242760, 10263, 2023-02-15 17:59:07.716369
Lahr, Bietigheim, 170736, 6889, 2023-02-15 17:59:07.716369
Lahr, Bruchsal, 120118, 4810, 2023-02-15 17:59:07.716369
Lahr, Böblingen, 161461, 6657, 2023-02-15 17:59:07.716369
Lahr, Esslingen, 181248, 7679, 2023-02-15 17:59:07.716369
Lahr, Freiburg, 54848, 2666, 2023-02-15 17:59:07.716369
Lahr, Gernsbach, 92264, 4018, 2023-02-15 17:59:07.716369
Lahr, Heidelberg, 146328, 5760, 2023-02-15 17:59:07.716369
Lahr, Heidenheim, 245674, 10562, 2023-02-15 17:59:07.716369
Lahr, Heilbronn, 184073, 7211, 2023-02-15 17:59:07.716369
Lahr, Hinterzarten, 80155, 4243, 2023-02-15 17:59:07.716369
Lahr, Karlsruhe, 97221, 4126, 2023-02-15 17:59:07.716369
Lahr, Konstanz, 145834, 7628, 2023-02-15 17:59:07.716369
Lahr, Ludwigsburg, 168656, 6849, 2023-02-15 17:59:07.716369
Lahr, Mannheim, 163025, 6669, 2023-02-15 17:59:07.716369
Lahr, Markdorf, 165673, 8481, 2023-02-15 17:59:07.716369
Lahr, Merzhausen, 57007, 2882, 2023-02-15 17:59:07.716369
Lahr, Offenburg, 27398, 1669, 2023-02-15 17:59:07.716369
Lahr, Pforzheim, 116637, 4968, 2023-02-15 17:59:07.716369
Lahr, Reutlingen, 192161, 7797, 2023-02-15 17:59:07.716369
Lahr, Riederich, 183864, 7370, 2023-02-15 17:59:07.716369
Lahr, Salem, Baden-Württemberg, 156229, 8073, 2023-02-15 17:59:07.716369
Lahr, Schwäbisch Gmünd, 219513, 9036, 2023-02-15 17:59:07.716369
Lahr, Strasbourg, 50381, 2795, 2023-02-15 17:59:07.716369
Lahr, Stuttgart, 163896, 7070, 2023-02-15 17:59:07.716369
Lahr, Tuttlingen, 100034, 6243, 2023-02-15 17:59:07.716369
Lahr, Tübingen, 138241, 7520, 2023-02-15 17:59:07.716369
Lahr, Ulm, Baden-Württemberg, 244604, 9637, 2023-02-15 17:59:07.716369
Lahr, Vaihingen, 139767, 6219, 2023-02-15 17:59:07.716369
Lahr, Villingen-Schwenningen, 67352, 4444, 2023-02-15 17:59:07.716369
Lahr, Weinheim, 164790, 6472, 2023-02-15 17:59:07.716369
Lahr, Öhringen, 202451, 7846, 2023-02-15 17:59:07.716369
Ludwigsburg, Aalen, 81607, 4303, 2023-02-15 17:59:07.716369
Ludwigsburg, Bietigheim, 9222, 998, 2023-02-15 17:59:07.716369
Ludwigsburg, Bruchsal, 69733, 4273, 2023-02-15 17:59:07.716369
Ludwigsburg, Böblingen, 37748, 2149, 2023-02-15 17:59:07.716369
Ludwigsburg, Esslingen, 25582, 2017, 2023-02-15 17:59:07.716369
Ludwigsburg, Freiburg, 208226, 8227, 2023-02-15 17:59:07.716369
Ludwigsburg, Gernsbach, 112928, 5063, 2023-02-15 17:59:07.716369
Ludwigsburg, Heidelberg, 102400, 4319, 2023-02-15 17:59:07.716369
Ludwigsburg, Heidenheim, 94815, 5443, 2023-02-15 17:59:07.716369
Ludwigsburg, Heilbronn, 37542, 2390, 2023-02-15 17:59:07.716369
Ludwigsburg, Hinterzarten, 180481, 7448, 2023-02-15 17:59:07.716369
Ludwigsburg, Karlsruhe, 81874, 3798, 2023-02-15 17:59:07.716369
Ludwigsburg, Konstanz, 192571, 7645, 2023-02-15 17:59:07.716369
Ludwigsburg, Lahr, 169686, 6888, 2023-02-15 17:59:07.716369
Ludwigsburg, Mannheim, 117373, 5219, 2023-02-15 17:59:07.716369
Ludwigsburg, Markdorf, 212409, 8497, 2023-02-15 17:59:07.716369
Ludwigsburg, Merzhausen, 210385, 8443, 2023-02-15 17:59:07.716369
Ludwigsburg, Offenburg, 149832, 6225, 2023-02-15 17:59:07.716369
Ludwigsburg, Pforzheim, 51739, 2851, 2023-02-15 17:59:07.716369
Ludwigsburg, Reutlingen, 68448, 3289, 2023-02-15 17:59:07.716369
Ludwigsburg, Riederich, 60151, 2862, 2023-02-15 17:59:07.716369
Ludwigsburg, Salem, Baden-Württemberg, 202966, 8090, 2023-02-15 17:59:07.716369
Ludwigsburg, Schwäbisch Gmünd, 58360, 3076, 2023-02-15 17:59:07.716369
Ludwigsburg, Strasbourg, 154961, 6975, 2023-02-15 17:59:07.716369
Ludwigsburg, Stuttgart, 16600, 1472, 2023-02-15 17:59:07.716369
Ludwigsburg, Tuttlingen, 144566, 6090, 2023-02-15 17:59:07.716369
Ludwigsburg, Tübingen, 73747, 3516, 2023-02-15 17:59:07.716369
Ludwigsburg, Ulm, Baden-Württemberg, 120891, 5129, 2023-02-15 17:59:07.716369
Ludwigsburg, Vaihingen, 27486, 1754, 2023-02-15 17:59:07.716369
Ludwigsburg, Villingen-Schwenningen, 134839, 5606, 2023-02-15 17:59:07.716369
Ludwigsburg, Weinheim, 120863, 5032, 2023-02-15 17:59:07.716369
Ludwigsburg, Öhringen, 52151, 2595, 2023-02-15 17:59:07.716369
Mannheim, Aalen, 202889, 8266, 2023-02-15 17:59:07.716369
Mannheim, Bietigheim, 115785, 4855, 2023-02-15 17:59:07.716369
Mannheim, Bruchsal, 50235, 2434, 2023-02-15 17:59:07.716369
Mannheim, Böblingen, 135027, 5806, 2023-02-15 17:59:07.716369
Mannheim, Esslingen, 142479, 6430, 2023-02-15 17:59:07.716369
Mannheim, Freiburg, 200541, 7838, 2023-02-15 17:59:07.716369
Mannheim, Gernsbach, 105243, 4674, 2023-02-15 17:59:07.716369
Mannheim, Heidelberg, 18762, 1368, 2023-02-15 17:59:07.716369
Mannheim, Heidenheim, 223712, 8888, 2023-02-15 17:59:07.716369
Mannheim, Heilbronn, 80386, 3675, 2023-02-15 17:59:07.716369
Mannheim, Hinterzarten, 225848, 9415, 2023-02-15 17:59:07.716369
Mannheim, Karlsruhe, 69845, 3209, 2023-02-15 17:59:07.716369
Mannheim, Konstanz, 289850, 11302, 2023-02-15 17:59:07.716369
Mannheim, Lahr, 162001, 6498, 2023-02-15 17:59:07.716369
Mannheim, Ludwigsburg, 116386, 5050, 2023-02-15 17:59:07.716369
Mannheim, Markdorf, 309688, 12154, 2023-02-15 17:59:07.716369
Mannheim, Merzhausen, 202700, 8053, 2023-02-15 17:59:07.716369
Mannheim, Offenburg, 142147, 5836, 2023-02-15 17:59:07.716369
Mannheim, Pforzheim, 90203, 4117, 2023-02-15 17:59:07.716369
Mannheim, Reutlingen, 165727, 6946, 2023-02-15 17:59:07.716369
Mannheim, Riederich, 157430, 6519, 2023-02-15 17:59:07.716369
Mannheim, Salem, Baden-Württemberg, 300245, 11746, 2023-02-15 17:59:07.716369
Mannheim, Schwäbisch Gmünd, 181624, 7603, 2023-02-15 17:59:07.716369
Mannheim, Strasbourg, 140053, 5961, 2023-02-15 17:59:07.716369
Mannheim, Stuttgart, 133497, 5885, 2023-02-15 17:59:07.716369
Mannheim, Tuttlingen, 241845, 9746, 2023-02-15 17:59:07.716369
Mannheim, Tübingen, 171026, 7173, 2023-02-15 17:59:07.716369
Mannheim, Ulm, Baden-Württemberg, 218170, 8786, 2023-02-15 17:59:07.716369
Mannheim, Vaihingen, 92034, 5029, 2023-02-15 17:59:07.716369
Mannheim, Villingen-Schwenningen, 232117, 9262, 2023-02-15 17:59:07.716369
Mannheim, Weinheim, 17275, 1493, 2023-02-15 17:59:07.716369
Mannheim, Öhringen, 98764, 4311, 2023-02-15 17:59:07.716369
Markdorf, Aalen, 172205, 7634, 2023-02-15 17:59:07.716369
Markdorf, Bietigheim, 214370, 8422, 2023-02-15 17:59:07.716369
Markdorf, Bruchsal, 263018, 10321, 2023-02-15 17:59:07.716369
Markdorf, Böblingen, 174325, 6885, 2023-02-15 17:59:07.716369
Markdorf, Esslingen, 186476, 8277, 2023-02-15 17:59:07.716369
Markdorf, Freiburg, 144578, 7379, 2023-02-15 17:59:07.716369
Markdorf, Gernsbach, 189056, 9514, 2023-02-15 17:59:07.716369
Markdorf, Heidelberg, 289228, 11270, 2023-02-15 17:59:07.716369
Markdorf, Heidenheim, 149218, 6949, 2023-02-15 17:59:07.716369
Markdorf, Heilbronn, 242358, 9785, 2023-02-15 17:59:07.716369
Markdorf, Hinterzarten, 119465, 5541, 2023-02-15 17:59:07.716369
Markdorf, Karlsruhe, 243698, 9768, 2023-02-15 17:59:07.716369
Markdorf, Konstanz, 19782, 3316, 2023-02-15 17:59:07.716369
Markdorf, Lahr, 164876, 8526, 2023-02-15 17:59:07.716369
Markdorf, Ludwigsburg, 212290, 8382, 2023-02-15 17:59:07.716369
Markdorf, Mannheim, 305925, 12180, 2023-02-15 17:59:07.716369
Markdorf, Merzhausen, 145786, 7537, 2023-02-15 17:59:07.716369
Markdorf, Offenburg, 170727, 8678, 2023-02-15 17:59:07.716369
Markdorf, Pforzheim, 213563, 8822, 2023-02-15 17:59:07.716369
Markdorf, Reutlingen, 109671, 6687, 2023-02-15 17:59:07.716369
Markdorf, Riederich, 117187, 6766, 2023-02-15 17:59:07.716369
Markdorf, Salem, Baden-Württemberg, 9653, 786, 2023-02-15 17:59:07.716369
Markdorf, Schwäbisch Gmünd, 162183, 8798, 2023-02-15 17:59:07.716369
Markdorf, Strasbourg, 199315, 10082, 2023-02-15 17:59:07.716369
Markdorf, Stuttgart, 195016, 7971, 2023-02-15 17:59:07.716369
Markdorf, Tuttlingen, 63630, 3737, 2023-02-15 17:59:07.716369
Markdorf, Tübingen, 168767, 6989, 2023-02-15 17:59:07.716369
Markdorf, Ulm, Baden-Württemberg, 105266, 4915, 2023-02-15 17:59:07.716369
Markdorf, Vaihingen, 218253, 8757, 2023-02-15 17:59:07.716369
Markdorf, Villingen-Schwenningen, 98001, 4266, 2023-02-15 17:59:07.716369
Markdorf, Weinheim, 307690, 11983, 2023-02-15 17:59:07.716369
Markdorf, Öhringen, 256967, 9990, 2023-02-15 17:59:07.716369
Merzhausen, Aalen, 283222, 11767, 2023-02-15 17:59:07.716369
Merzhausen, Bietigheim, 211197, 8393, 2023-02-15 17:59:07.716369
Merzhausen, Bruchsal, 160579, 6314, 2023-02-15 17:59:07.716369
Merzhausen, Böblingen, 169252, 7773, 2023-02-15 17:59:07.716369
Merzhausen, Esslingen, 221709, 9183, 2023-02-15 17:59:07.716369
Merzhausen, Freiburg, 4531, 709, 2023-02-15 17:59:07.716369
Merzhausen, Gernsbach, 132725, 5522, 2023-02-15 17:59:07.716369
Merzhausen, Heidelberg, 186789, 7263, 2023-02-15 17:59:07.716369
Merzhausen, Heidenheim, 286135, 12066, 2023-02-15 17:59:07.716369
Merzhausen, Heilbronn, 224535, 8714, 2023-02-15 17:59:07.716369
Merzhausen, Hinterzarten, 28608, 2236, 2023-02-15 17:59:07.716369
Merzhausen, Karlsruhe, 137682, 5630, 2023-02-15 17:59:07.716369
Merzhausen, Konstanz, 125851, 6598, 2023-02-15 17:59:07.716369
Merzhausen, Lahr, 56212, 2759, 2023-02-15 17:59:07.716369
Merzhausen, Ludwigsburg, 209117, 8353, 2023-02-15 17:59:07.716369
Merzhausen, Mannheim, 203486, 8173, 2023-02-15 17:59:07.716369
Merzhausen, Markdorf, 145690, 7451, 2023-02-15 17:59:07.716369
Merzhausen, Offenburg, 67860, 3173, 2023-02-15 17:59:07.716369
Merzhausen, Pforzheim, 157098, 6472, 2023-02-15 17:59:07.716369
Merzhausen, Reutlingen, 174299, 8407, 2023-02-15 17:59:07.716369
Merzhausen, Riederich, 224325, 8874, 2023-02-15 17:59:07.716369
Merzhausen, Salem, Baden-Württemberg, 136246, 7043, 2023-02-15 17:59:07.716369
Merzhausen, Schwäbisch Gmünd, 259974, 10540, 2023-02-15 17:59:07.716369
Merzhausen, Strasbourg, 90842, 4299, 2023-02-15 17:59:07.716369
Merzhausen, Stuttgart, 204358, 8574, 2023-02-15 17:59:07.716369
Merzhausen, Tuttlingen, 98883, 5573, 2023-02-15 17:59:07.716369
Merzhausen, Tübingen, 163694, 7877, 2023-02-15 17:59:07.716369
Merzhausen, Ulm, Baden-Württemberg, 285065, 11141, 2023-02-15 17:59:07.716369
Merzhausen, Vaihingen, 180229, 7723, 2023-02-15 17:59:07.716369
Merzhausen, Villingen-Schwenningen, 64598, 4161, 2023-02-15 17:59:07.716369
Merzhausen, Weinheim, 205251, 7976, 2023-02-15 17:59:07.716369
Merzhausen, Öhringen, 242913, 9350, 2023-02-15 17:59:07.716369
Offenburg, Aalen, 222579, 9589, 2023-02-15 17:59:07.716369
Offenburg, Bietigheim, 150554, 6216, 2023-02-15 17:59:07.716369
Offenburg, Bruchsal, 99936, 4137, 2023-02-15 17:59:07.716369
Offenburg, Böblingen, 141280, 5984, 2023-02-15 17:59:07.716369
Offenburg, Esslingen, 161066, 7006, 2023-02-15 17:59:07.716369
Offenburg, Freiburg, 66734, 3117, 2023-02-15 17:59:07.716369
Offenburg, Gernsbach, 72083, 3345, 2023-02-15 17:59:07.716369
Offenburg, Heidelberg, 126146, 5086, 2023-02-15 17:59:07.716369
Offenburg, Heidenheim, 225492, 9888, 2023-02-15 17:59:07.716369
Offenburg, Heilbronn, 163892, 6537, 2023-02-15 17:59:07.716369
Offenburg, Hinterzarten, 92041, 4694, 2023-02-15 17:59:07.716369
Offenburg, Karlsruhe, 77039, 3453, 2023-02-15 17:59:07.716369
Offenburg, Konstanz, 151949, 7817, 2023-02-15 17:59:07.716369
Offenburg, Lahr, 28194, 1778, 2023-02-15 17:59:07.716369
Offenburg, Ludwigsburg, 148474, 6176, 2023-02-15 17:59:07.716369
Offenburg, Mannheim, 142844, 5996, 2023-02-15 17:59:07.716369
Offenburg, Markdorf, 171787, 8670, 2023-02-15 17:59:07.716369
Offenburg, Merzhausen, 68892, 3333, 2023-02-15 17:59:07.716369
Offenburg, Pforzheim, 96455, 4295, 2023-02-15 17:59:07.716369
Offenburg, Reutlingen, 171979, 7124, 2023-02-15 17:59:07.716369
Offenburg, Riederich, 163683, 6697, 2023-02-15 17:59:07.716369
Offenburg, Salem, Baden-Württemberg, 162344, 8262, 2023-02-15 17:59:07.716369
Offenburg, Schwäbisch Gmünd, 199332, 8363, 2023-02-15 17:59:07.716369
Offenburg, Strasbourg, 31326, 2071, 2023-02-15 17:59:07.716369
Offenburg, Stuttgart, 143715, 6396, 2023-02-15 17:59:07.716369
Offenburg, Tuttlingen, 106148, 6432, 2023-02-15 17:59:07.716369
Offenburg, Tübingen, 112531, 6845, 2023-02-15 17:59:07.716369
Offenburg, Ulm, Baden-Württemberg, 224423, 8964, 2023-02-15 17:59:07.716369
Offenburg, Vaihingen, 119586, 5545, 2023-02-15 17:59:07.716369
Offenburg, Villingen-Schwenningen, 73467, 4633, 2023-02-15 17:59:07.716369
Offenburg, Weinheim, 144609, 5799, 2023-02-15 17:59:07.716369
Offenburg, Öhringen, 182270, 7173, 2023-02-15 17:59:07.716369
Pforzheim, Aalen, 124960, 6077, 2023-02-15 17:59:07.716369
Pforzheim, Bietigheim, 52936, 2703, 2023-02-15 17:59:07.716369
Pforzheim, Bruchsal, 48488, 2356, 2023-02-15 17:59:07.716369
Pforzheim, Böblingen, 43661, 2471, 2023-02-15 17:59:07.716369
Pforzheim, Esslingen, 63448, 3493, 2023-02-15 17:59:07.716369
Pforzheim, Freiburg, 155520, 6233, 2023-02-15 17:59:07.716369
Pforzheim, Gernsbach, 60222, 3069, 2023-02-15 17:59:07.716369
Pforzheim, Heidelberg, 74698, 3305, 2023-02-15 17:59:07.716369
Pforzheim, Heidenheim, 127874, 6376, 2023-02-15 17:59:07.716369
Pforzheim, Heilbronn, 80923, 4066, 2023-02-15 17:59:07.716369
Pforzheim, Hinterzarten, 180828, 7810, 2023-02-15 17:59:07.716369
Pforzheim, Karlsruhe, 29168, 1803, 2023-02-15 17:59:07.716369
Pforzheim, Konstanz, 198483, 7967, 2023-02-15 17:59:07.716369
Pforzheim, Lahr, 116980, 4894, 2023-02-15 17:59:07.716369
Pforzheim, Ludwigsburg, 50856, 2663, 2023-02-15 17:59:07.716369
Pforzheim, Mannheim, 91395, 4215, 2023-02-15 17:59:07.716369
Pforzheim, Markdorf, 218322, 8819, 2023-02-15 17:59:07.716369
Pforzheim, Merzhausen, 157679, 6448, 2023-02-15 17:59:07.716369
Pforzheim, Offenburg, 97126, 4231, 2023-02-15 17:59:07.716369
Pforzheim, Reutlingen, 74361, 3611, 2023-02-15 17:59:07.716369
Pforzheim, Riederich, 66064, 3184, 2023-02-15 17:59:07.716369
Pforzheim, Salem, Baden-Württemberg, 208878, 8411, 2023-02-15 17:59:07.716369
Pforzheim, Schwäbisch Gmünd, 101713, 4850, 2023-02-15 17:59:07.716369
Pforzheim, Strasbourg, 102255, 4981, 2023-02-15 17:59:07.716369
Pforzheim, Stuttgart, 46096, 2884, 2023-02-15 17:59:07.716369
Pforzheim, Tuttlingen, 150479, 6411, 2023-02-15 17:59:07.716369
Pforzheim, Tübingen, 79660, 3838, 2023-02-15 17:59:07.716369
Pforzheim, Ulm, Baden-Württemberg, 126804, 5451, 2023-02-15 17:59:07.716369
Pforzheim, Vaihingen, 24307, 2072, 2023-02-15 17:59:07.716369
Pforzheim, Villingen-Schwenningen, 140751, 5927, 2023-02-15 17:59:07.716369
Pforzheim, Weinheim, 93160, 4018, 2023-02-15 17:59:07.716369
Pforzheim, Öhringen, 95532, 4271, 2023-02-15 17:59:07.716369
Reutlingen, Aalen, 116910, 5827, 2023-02-15 17:59:07.716369
Reutlingen, Bietigheim, 69897, 3105, 2023-02-15 17:59:07.716369
Reutlingen, Bruchsal, 124326, 5090, 2023-02-15 17:59:07.716369
Reutlingen, Böblingen, 33221, 2093, 2023-02-15 17:59:07.716369
Reutlingen, Esslingen, 38230, 2678, 2023-02-15 17:59:07.716369
Reutlingen, Freiburg, 174001, 8622, 2023-02-15 17:59:07.716369
Reutlingen, Gernsbach, 136061, 5804, 2023-02-15 17:59:07.716369
Reutlingen, Heidelberg, 150536, 6040, 2023-02-15 17:59:07.716369
Reutlingen, Heidenheim, 94197, 5414, 2023-02-15 17:59:07.716369
Reutlingen, Heilbronn, 97884, 4467, 2023-02-15 17:59:07.716369
Reutlingen, Hinterzarten, 148888, 6784, 2023-02-15 17:59:07.716369
Reutlingen, Karlsruhe, 105006, 4538, 2023-02-15 17:59:07.716369
Reutlingen, Konstanz, 160977, 6981, 2023-02-15 17:59:07.716369
Reutlingen, Lahr, 192819, 7628, 2023-02-15 17:59:07.716369
Reutlingen, Ludwigsburg, 67817, 3065, 2023-02-15 17:59:07.716369
Reutlingen, Mannheim, 167234, 6949, 2023-02-15 17:59:07.716369
Reutlingen, Markdorf, 109996, 6550, 2023-02-15 17:59:07.716369
Reutlingen, Merzhausen, 175209, 8780, 2023-02-15 17:59:07.716369
Reutlingen, Offenburg, 172964, 6966, 2023-02-15 17:59:07.716369
Reutlingen, Pforzheim, 74872, 3591, 2023-02-15 17:59:07.716369
Reutlingen, Riederich, 10456, 759, 2023-02-15 17:59:07.716369
Reutlingen, Salem, Baden-Württemberg, 101964, 6035, 2023-02-15 17:59:07.716369
Reutlingen, Schwäbisch Gmünd, 93663, 4600, 2023-02-15 17:59:07.716369
Reutlingen, Strasbourg, 178093, 7716, 2023-02-15 17:59:07.716369
Reutlingen, Stuttgart, 40311, 2401, 2023-02-15 17:59:07.716369
Reutlingen, Tuttlingen, 112973, 5425, 2023-02-15 17:59:07.716369
Reutlingen, Tübingen, 15602, 1245, 2023-02-15 17:59:07.716369
Reutlingen, Ulm, Baden-Württemberg, 77126, 4055, 2023-02-15 17:59:07.716369
Reutlingen, Vaihingen, 73780, 3440, 2023-02-15 17:59:07.716369
Reutlingen, Villingen-Schwenningen, 103245, 4941, 2023-02-15 17:59:07.716369
Reutlingen, Weinheim, 168999, 6753, 2023-02-15 17:59:07.716369
Reutlingen, Öhringen, 112493, 4672, 2023-02-15 17:59:07.716369
Riederich, Aalen, 86422, 5009, 2023-02-15 17:59:07.716369
Riederich, Bietigheim, 61367, 2770, 2023-02-15 17:59:07.716369
Riederich, Bruchsal, 115797, 4756, 2023-02-15 17:59:07.716369
Riederich, Böblingen, 36965, 1975, 2023-02-15 17:59:07.716369
Riederich, Esslingen, 32835, 2219, 2023-02-15 17:59:07.716369
Riederich, Freiburg, 222829, 8633, 2023-02-15 17:59:07.716369
Riederich, Gernsbach, 127531, 5470, 2023-02-15 17:59:07.716369
Riederich, Heidelberg, 142007, 5706, 2023-02-15 17:59:07.716369
Riederich, Heidenheim, 83585, 4771, 2023-02-15 17:59:07.716369
Riederich, Heilbronn, 89354, 4133, 2023-02-15 17:59:07.716369
Riederich, Hinterzarten, 154925, 7087, 2023-02-15 17:59:07.716369
Riederich, Karlsruhe, 96476, 4204, 2023-02-15 17:59:07.716369
Riederich, Konstanz, 167014, 7284, 2023-02-15 17:59:07.716369
Riederich, Lahr, 184289, 7294, 2023-02-15 17:59:07.716369
Riederich, Ludwigsburg, 59287, 2730, 2023-02-15 17:59:07.716369
Riederich, Mannheim, 158704, 6615, 2023-02-15 17:59:07.716369
Riederich, Markdorf, 118687, 6901, 2023-02-15 17:59:07.716369
Riederich, Merzhausen, 224987, 8849, 2023-02-15 17:59:07.716369
Riederich, Offenburg, 164434, 6632, 2023-02-15 17:59:07.716369
Riederich, Pforzheim, 66342, 3257, 2023-02-15 17:59:07.716369
Riederich, Reutlingen, 10659, 880, 2023-02-15 17:59:07.716369
Riederich, Salem, Baden-Württemberg, 110655, 6386, 2023-02-15 17:59:07.716369
Riederich, Schwäbisch Gmünd, 63175, 3782, 2023-02-15 17:59:07.716369
Riederich, Strasbourg, 169564, 7382, 2023-02-15 17:59:07.716369
Riederich, Stuttgart, 31781, 2066, 2023-02-15 17:59:07.716369
Riederich, Tuttlingen, 119010, 5728, 2023-02-15 17:59:07.716369
Riederich, Tübingen, 21639, 1549, 2023-02-15 17:59:07.716369
Riederich, Ulm, Baden-Württemberg, 82845, 3896, 2023-02-15 17:59:07.716369
Riederich, Vaihingen, 65250, 3106, 2023-02-15 17:59:07.716369
Riederich, Villingen-Schwenningen, 109282, 5245, 2023-02-15 17:59:07.716369
Riederich, Weinheim, 160469, 6418, 2023-02-15 17:59:07.716369
Riederich, Öhringen, 103963, 4338, 2023-02-15 17:59:07.716369
Salem, Baden-Württemberg, Aalen, 181812, 8411, 2023-02-15 17:59:07.716369
Salem, Baden-Württemberg, Bietigheim, 204599, 7971, 2023-02-15 17:59:07.716369
Salem, Baden-Württemberg, Bruchsal, 253247, 9869, 2023-02-15 17:59:07.716369
Salem, Baden-Württemberg, Böblingen, 164554, 6434, 2023-02-15 17:59:07.716369
Salem, Baden-Württemberg, Esslingen, 198349, 8127, 2023-02-15 17:59:07.716369
Salem, Baden-Württemberg, Freiburg, 134807, 6927, 2023-02-15 17:59:07.716369
Salem, Baden-Württemberg, Gernsbach, 179285, 9063, 2023-02-15 17:59:07.716369
Salem, Baden-Württemberg, Heidelberg, 279457, 10819, 2023-02-15 17:59:07.716369
Salem, Baden-Württemberg, Heidenheim, 158825, 7726, 2023-02-15 17:59:07.716369
Salem, Baden-Württemberg, Heilbronn, 232587, 9333, 2023-02-15 17:59:07.716369
Salem, Baden-Württemberg, Hinterzarten, 109694, 5089, 2023-02-15 17:59:07.716369
Salem, Baden-Württemberg, Karlsruhe, 233927, 9317, 2023-02-15 17:59:07.716369
Salem, Baden-Württemberg, Konstanz, 18788, 3294, 2023-02-15 17:59:07.716369
Salem, Baden-Württemberg, Lahr, 155105, 8075, 2023-02-15 17:59:07.716369
Salem, Baden-Württemberg, Ludwigsburg, 202519, 7931, 2023-02-15 17:59:07.716369
Salem, Baden-Württemberg, Mannheim, 296154, 11728, 2023-02-15 17:59:07.716369
Salem, Baden-Württemberg, Markdorf, 9668, 804, 2023-02-15 17:59:07.716369
Salem, Baden-Württemberg, Merzhausen, 136015, 7085, 2023-02-15 17:59:07.716369
Salem, Baden-Württemberg, Offenburg, 160956, 8227, 2023-02-15 17:59:07.716369
Salem, Baden-Württemberg, Pforzheim, 203792, 8371, 2023-02-15 17:59:07.716369
Salem, Baden-Württemberg, Reutlingen, 101730, 6203, 2023-02-15 17:59:07.716369
Salem, Baden-Württemberg, Riederich, 109245, 6283, 2023-02-15 17:59:07.716369
Salem, Baden-Württemberg, Schwäbisch Gmünd, 238597, 9719, 2023-02-15 17:59:07.716369
Salem, Baden-Württemberg, Strasbourg, 189544, 9631, 2023-02-15 17:59:07.716369
Salem, Baden-Württemberg, Stuttgart, 185245, 7519, 2023-02-15 17:59:07.716369
Salem, Baden-Württemberg, Tuttlingen, 53859, 3285, 2023-02-15 17:59:07.716369
Salem, Baden-Württemberg, Tübingen, 158996, 6538, 2023-02-15 17:59:07.716369
Salem, Baden-Württemberg, Ulm, Baden-Württemberg, 114874, 5693, 2023-02-15 17:59:07.716369
Salem, Baden-Württemberg, Vaihingen, 208482, 8306, 2023-02-15 17:59:07.716369
Salem, Baden-Württemberg, Villingen-Schwenningen, 88230, 3814, 2023-02-15 17:59:07.716369
Salem, Baden-Württemberg, Weinheim, 297919, 11532, 2023-02-15 17:59:07.716369
Salem, Baden-Württemberg, Öhringen, 247196, 9539, 2023-02-15 17:59:07.716369
Schwäbisch Gmünd, Aalen, 24950, 1517, 2023-02-15 17:59:07.716369
Schwäbisch Gmünd, Bietigheim, 74905, 3516, 2023-02-15 17:59:07.716369
Schwäbisch Gmünd, Bruchsal, 120710, 6331, 2023-02-15 17:59:07.716369
Schwäbisch Gmünd, Böblingen, 73988, 3880, 2023-02-15 17:59:07.716369
Schwäbisch Gmünd, Esslingen, 59180, 2692, 2023-02-15 17:59:07.716369
Schwäbisch Gmünd, Freiburg, 259204, 10285, 2023-02-15 17:59:07.716369
Schwäbisch Gmünd, Gernsbach, 163906, 7121, 2023-02-15 17:59:07.716369
Schwäbisch Gmünd, Heidelberg, 167751, 6808, 2023-02-15 17:59:07.716369
Schwäbisch Gmünd, Heidenheim, 39385, 2534, 2023-02-15 17:59:07.716369
Schwäbisch Gmünd, Heilbronn, 102893, 4879, 2023-02-15 17:59:07.716369
Schwäbisch Gmünd, Hinterzarten, 216721, 9179, 2023-02-15 17:59:07.716369
Schwäbisch Gmünd, Karlsruhe, 132851, 5855, 2023-02-15 17:59:07.716369
Schwäbisch Gmünd, Konstanz, 228811, 9376, 2023-02-15 17:59:07.716369
Schwäbisch Gmünd, Lahr, 220664, 8946, 2023-02-15 17:59:07.716369
Schwäbisch Gmünd, Ludwigsburg, 64786, 3062, 2023-02-15 17:59:07.716369
Schwäbisch Gmünd, Mannheim, 182724, 7708, 2023-02-15 17:59:07.716369
Schwäbisch Gmünd, Markdorf, 195030, 8808, 2023-02-15 17:59:07.716369
Schwäbisch Gmünd, Merzhausen, 261362, 10500, 2023-02-15 17:59:07.716369
Schwäbisch Gmünd, Offenburg, 200809, 8283, 2023-02-15 17:59:07.716369
Schwäbisch Gmünd, Pforzheim, 102717, 4909, 2023-02-15 17:59:07.716369
Schwäbisch Gmünd, Reutlingen, 93712, 4640, 2023-02-15 17:59:07.716369
Schwäbisch Gmünd, Riederich, 63093, 3815, 2023-02-15 17:59:07.716369
Schwäbisch Gmünd, Salem, Baden-Württemberg, 239205, 9821, 2023-02-15 17:59:07.716369
Schwäbisch Gmünd, Strasbourg, 205938, 9033, 2023-02-15 17:59:07.716369
Schwäbisch Gmünd, Stuttgart, 54755, 2477, 2023-02-15 17:59:07.716369
Schwäbisch Gmünd, Tuttlingen, 180806, 7820, 2023-02-15 17:59:07.716369
Schwäbisch Gmünd, Tübingen, 99011, 4867, 2023-02-15 17:59:07.716369
Schwäbisch Gmünd, Ulm, Baden-Württemberg, 59083, 4228, 2023-02-15 17:59:07.716369
Schwäbisch Gmünd, Vaihingen, 78463, 3812, 2023-02-15 17:59:07.716369
Schwäbisch Gmünd, Villingen-Schwenningen, 171078, 7337, 2023-02-15 17:59:07.716369
Schwäbisch Gmünd, Weinheim, 186213, 7521, 2023-02-15 17:59:07.716369
Schwäbisch Gmünd, Öhringen, 64056, 4419, 2023-02-15 17:59:07.716369
Strasbourg, Aalen, 230367, 10256, 2023-02-15 17:59:07.716369
Strasbourg, Bietigheim, 158343, 6883, 2023-02-15 17:59:07.716369
Strasbourg, Bruchsal, 107725, 4804, 2023-02-15 17:59:07.716369
Strasbourg, Böblingen, 149068, 6651, 2023-02-15 17:59:07.716369
Strasbourg, Esslingen, 168855, 7673, 2023-02-15 17:59:07.716369
Strasbourg, Freiburg, 89434, 4005, 2023-02-15 17:59:07.716369
Strasbourg, Gernsbach, 79871, 4012, 2023-02-15 17:59:07.716369
Strasbourg, Heidelberg, 133935, 5753, 2023-02-15 17:59:07.716369
Strasbourg, Heidenheim, 233281, 10555, 2023-02-15 17:59:07.716369
Strasbourg, Heilbronn, 171680, 7204, 2023-02-15 17:59:07.716369
Strasbourg, Hinterzarten, 114741, 5582, 2023-02-15 17:59:07.716369
Strasbourg, Karlsruhe, 84828, 4120, 2023-02-15 17:59:07.716369
Strasbourg, Konstanz, 180709, 9113, 2023-02-15 17:59:07.716369
Strasbourg, Lahr, 50894, 2666, 2023-02-15 17:59:07.716369
Strasbourg, Ludwigsburg, 156263, 6843, 2023-02-15 17:59:07.716369
Strasbourg, Mannheim, 137326, 5645, 2023-02-15 17:59:07.716369
Strasbourg, Markdorf, 200547, 9966, 2023-02-15 17:59:07.716369
Strasbourg, Merzhausen, 91593, 4220, 2023-02-15 17:59:07.716369
Strasbourg, Offenburg, 31936, 1969, 2023-02-15 17:59:07.716369
Strasbourg, Pforzheim, 104244, 4962, 2023-02-15 17:59:07.716369
Strasbourg, Reutlingen, 179768, 7791, 2023-02-15 17:59:07.716369
Strasbourg, Riederich, 171471, 7364, 2023-02-15 17:59:07.716369
Strasbourg, Salem, Baden-Württemberg, 191104, 9558, 2023-02-15 17:59:07.716369
Strasbourg, Schwäbisch Gmünd, 207120, 9030, 2023-02-15 17:59:07.716369
Strasbourg, Stuttgart, 151504, 7063, 2023-02-15 17:59:07.716369
Strasbourg, Tuttlingen, 134908, 7728, 2023-02-15 17:59:07.716369
Strasbourg, Tübingen, 185067, 8018, 2023-02-15 17:59:07.716369
Strasbourg, Ulm, Baden-Württemberg, 232211, 9631, 2023-02-15 17:59:07.716369
Strasbourg, Vaihingen, 127374, 6212, 2023-02-15 17:59:07.716369
Strasbourg, Villingen-Schwenningen, 102227, 5929, 2023-02-15 17:59:07.716369
Strasbourg, Weinheim, 152397, 6466, 2023-02-15 17:59:07.716369
Strasbourg, Öhringen, 190058, 7840, 2023-02-15 17:59:07.716369
Stuttgart, Aalen, 79066, 3902, 2023-02-15 17:59:07.716369
Stuttgart, Bietigheim, 26525, 2076, 2023-02-15 17:59:07.716369
Stuttgart, Bruchsal, 103396, 4450, 2023-02-15 17:59:07.716369
Stuttgart, Böblingen, 19572, 1611, 2023-02-15 17:59:07.716369
Stuttgart, Esslingen, 16673, 1502, 2023-02-15 17:59:07.716369
Stuttgart, Freiburg, 210429, 8328, 2023-02-15 17:59:07.716369
Stuttgart, Gernsbach, 115131, 5164, 2023-02-15 17:59:07.716369
Stuttgart, Heidelberg, 129606, 5400, 2023-02-15 17:59:07.716369
Stuttgart, Heidenheim, 85906, 4928, 2023-02-15 17:59:07.716369
Stuttgart, Heilbronn, 54513, 3438, 2023-02-15 17:59:07.716369
Stuttgart, Hinterzarten, 162305, 6910, 2023-02-15 17:59:07.716369
Stuttgart, Karlsruhe, 84076, 3898, 2023-02-15 17:59:07.716369
Stuttgart, Konstanz, 174395, 7107, 2023-02-15 17:59:07.716369
Stuttgart, Lahr, 171889, 6988, 2023-02-15 17:59:07.716369
Stuttgart, Ludwigsburg, 16406, 1621, 2023-02-15 17:59:07.716369
Stuttgart, Mannheim, 146304, 6309, 2023-02-15 17:59:07.716369
Stuttgart, Markdorf, 194233, 7959, 2023-02-15 17:59:07.716369
Stuttgart, Merzhausen, 212587, 8543, 2023-02-15 17:59:07.716369
Stuttgart, Offenburg, 152034, 6326, 2023-02-15 17:59:07.716369
Stuttgart, Pforzheim, 53942, 2951, 2023-02-15 17:59:07.716369
Stuttgart, Reutlingen, 38957, 2163, 2023-02-15 17:59:07.716369
Stuttgart, Riederich, 30661, 1736, 2023-02-15 17:59:07.716369
Stuttgart, Salem, Baden-Württemberg, 184790, 7551, 2023-02-15 17:59:07.716369
Stuttgart, Schwäbisch Gmünd, 55819, 2675, 2023-02-15 17:59:07.716369
Stuttgart, Strasbourg, 157163, 7076, 2023-02-15 17:59:07.716369
Stuttgart, Tuttlingen, 126390, 5551, 2023-02-15 17:59:07.716369
Stuttgart, Tübingen, 44257, 2390, 2023-02-15 17:59:07.716369
Stuttgart, Ulm, Baden-Württemberg, 91393, 4040, 2023-02-15 17:59:07.716369
Stuttgart, Vaihingen, 30083, 2371, 2023-02-15 17:59:07.716369
Stuttgart, Villingen-Schwenningen, 116663, 5067, 2023-02-15 17:59:07.716369
Stuttgart, Weinheim, 148069, 6113, 2023-02-15 17:59:07.716369
Stuttgart, Öhringen, 69122, 3643, 2023-02-15 17:59:07.716369
Tuttlingen, Aalen, 203863, 8977, 2023-02-15 17:59:07.716369
Tuttlingen, Bietigheim, 146619, 6003, 2023-02-15 17:59:07.716369
Tuttlingen, Bruchsal, 195266, 7901, 2023-02-15 17:59:07.716369
Tuttlingen, Böblingen, 106573, 4466, 2023-02-15 17:59:07.716369
Tuttlingen, Esslingen, 140368, 6158, 2023-02-15 17:59:07.716369
Tuttlingen, Freiburg, 90297, 5441, 2023-02-15 17:59:07.716369
Tuttlingen, Gernsbach, 121304, 7095, 2023-02-15 17:59:07.716369
Tuttlingen, Heidelberg, 221476, 8851, 2023-02-15 17:59:07.716369
Tuttlingen, Heidenheim, 176484, 8876, 2023-02-15 17:59:07.716369
Tuttlingen, Heilbronn, 174606, 7365, 2023-02-15 17:59:07.716369
Tuttlingen, Hinterzarten, 65183, 3603, 2023-02-15 17:59:07.716369
Tuttlingen, Karlsruhe, 175946, 7349, 2023-02-15 17:59:07.716369
Tuttlingen, Konstanz, 60957, 3303, 2023-02-15 17:59:07.716369
Tuttlingen, Lahr, 100688, 6302, 2023-02-15 17:59:07.716369
Tuttlingen, Ludwigsburg, 144538, 5963, 2023-02-15 17:59:07.716369
Tuttlingen, Mannheim, 238173, 9760, 2023-02-15 17:59:07.716369
Tuttlingen, Markdorf, 64680, 3629, 2023-02-15 17:59:07.716369
Tuttlingen, Merzhausen, 91504, 5599, 2023-02-15 17:59:07.716369
Tuttlingen, Offenburg, 106539, 6454, 2023-02-15 17:59:07.716369
Tuttlingen, Pforzheim, 145812, 6402, 2023-02-15 17:59:07.716369
Tuttlingen, Reutlingen, 111620, 5100, 2023-02-15 17:59:07.716369
Tuttlingen, Riederich, 118594, 5507, 2023-02-15 17:59:07.716369
Tuttlingen, Salem, Baden-Württemberg, 55237, 3222, 2023-02-15 17:59:07.716369
Tuttlingen, Schwäbisch Gmünd, 180616, 7751, 2023-02-15 17:59:07.716369
Tuttlingen, Strasbourg, 135127, 7858, 2023-02-15 17:59:07.716369
Tuttlingen, Stuttgart, 127264, 5551, 2023-02-15 17:59:07.716369
Tuttlingen, Tübingen, 101015, 4570, 2023-02-15 17:59:07.716369
Tuttlingen, Ulm, Baden-Württemberg, 115621, 6720, 2023-02-15 17:59:07.716369
Tuttlingen, Vaihingen, 150501, 6338, 2023-02-15 17:59:07.716369
Tuttlingen, Villingen-Schwenningen, 33814, 2041, 2023-02-15 17:59:07.716369
Tuttlingen, Weinheim, 239938, 9564, 2023-02-15 17:59:07.716369
Tuttlingen, Öhringen, 189215, 7570, 2023-02-15 17:59:07.716369
Tübingen, Aalen, 121040, 5988, 2023-02-15 17:59:07.716369
Tübingen, Bietigheim, 74027, 3266, 2023-02-15 17:59:07.716369
Tübingen, Bruchsal, 128457, 5252, 2023-02-15 17:59:07.716369
Tübingen, Böblingen, 24102, 1723, 2023-02-15 17:59:07.716369
Tübingen, Esslingen, 42361, 2839, 2023-02-15 17:59:07.716369
Tübingen, Freiburg, 162817, 8027, 2023-02-15 17:59:07.716369
Tübingen, Gernsbach, 140191, 5965, 2023-02-15 17:59:07.716369
Tübingen, Heidelberg, 154667, 6202, 2023-02-15 17:59:07.716369
Tübingen, Heidenheim, 116769, 5740, 2023-02-15 17:59:07.716369
Tübingen, Heilbronn, 102015, 4629, 2023-02-15 17:59:07.716369
Tübingen, Hinterzarten, 137704, 6189, 2023-02-15 17:59:07.716369
Tübingen, Karlsruhe, 109137, 4700, 2023-02-15 17:59:07.716369
Tübingen, Konstanz, 149794, 6385, 2023-02-15 17:59:07.716369
Tübingen, Lahr, 196949, 7790, 2023-02-15 17:59:07.716369
Tübingen, Ludwigsburg, 71947, 3226, 2023-02-15 17:59:07.716369
Tübingen, Mannheim, 171364, 7111, 2023-02-15 17:59:07.716369
Tübingen, Markdorf, 169632, 7238, 2023-02-15 17:59:07.716369
Tübingen, Merzhausen, 164025, 8185, 2023-02-15 17:59:07.716369
Tübingen, Offenburg, 177095, 7127, 2023-02-15 17:59:07.716369
Tübingen, Pforzheim, 79002, 3753, 2023-02-15 17:59:07.716369
Tübingen, Reutlingen, 15300, 1233, 2023-02-15 17:59:07.716369
Tübingen, Riederich, 20401, 1407, 2023-02-15 17:59:07.716369
Tübingen, Salem, Baden-Württemberg, 160188, 6830, 2023-02-15 17:59:07.716369
Tübingen, Schwäbisch Gmünd, 97793, 4762, 2023-02-15 17:59:07.716369
Tübingen, Strasbourg, 182224, 7877, 2023-02-15 17:59:07.716369
Tübingen, Stuttgart, 44441, 2562, 2023-02-15 17:59:07.716369
Tübingen, Tuttlingen, 101789, 4830, 2023-02-15 17:59:07.716369
Tübingen, Ulm, Baden-Württemberg, 115699, 4815, 2023-02-15 17:59:07.716369
Tübingen, Vaihingen, 77910, 3601, 2023-02-15 17:59:07.716369
Tübingen, Villingen-Schwenningen, 92061, 4346, 2023-02-15 17:59:07.716369
Tübingen, Weinheim, 173129, 6914, 2023-02-15 17:59:07.716369
Tübingen, Öhringen, 116624, 4834, 2023-02-15 17:59:07.716369
Ulm, Baden-Württemberg, Aalen, 74967, 3317, 2023-02-15 17:59:07.716369
Ulm, Baden-Württemberg, Bietigheim, 121508, 4931, 2023-02-15 17:59:07.716369
Ulm, Baden-Württemberg, Bruchsal, 175937, 6917, 2023-02-15 17:59:07.716369
Ulm, Baden-Württemberg, Böblingen, 97106, 4136, 2023-02-15 17:59:07.716369
Ulm, Baden-Württemberg, Esslingen, 82924, 3672, 2023-02-15 17:59:07.716369
Ulm, Baden-Württemberg, Freiburg, 282969, 10795, 2023-02-15 17:59:07.716369
Ulm, Baden-Württemberg, Gernsbach, 187671, 7631, 2023-02-15 17:59:07.716369
Ulm, Baden-Württemberg, Heidelberg, 202147, 7867, 2023-02-15 17:59:07.716369
Ulm, Baden-Württemberg, Heidenheim, 51980, 2632, 2023-02-15 17:59:07.716369
Ulm, Baden-Württemberg, Heilbronn, 149495, 6294, 2023-02-15 17:59:07.716369
Ulm, Baden-Württemberg, Hinterzarten, 239839, 9435, 2023-02-15 17:59:07.716369
Ulm, Baden-Württemberg, Karlsruhe, 156617, 6365, 2023-02-15 17:59:07.716369
Ulm, Baden-Württemberg, Konstanz, 124583, 8189, 2023-02-15 17:59:07.716369
Ulm, Baden-Württemberg, Lahr, 244430, 9455, 2023-02-15 17:59:07.716369
Ulm, Baden-Württemberg, Ludwigsburg, 105556, 4893, 2023-02-15 17:59:07.716369
Ulm, Baden-Württemberg, Mannheim, 218845, 8776, 2023-02-15 17:59:07.716369
Ulm, Baden-Württemberg, Markdorf, 104862, 4911, 2023-02-15 17:59:07.716369
Ulm, Baden-Württemberg, Merzhausen, 285128, 11010, 2023-02-15 17:59:07.716369
Ulm, Baden-Württemberg, Offenburg, 224575, 8793, 2023-02-15 17:59:07.716369
Ulm, Baden-Württemberg, Pforzheim, 126483, 5418, 2023-02-15 17:59:07.716369
Ulm, Baden-Württemberg, Reutlingen, 77929, 4198, 2023-02-15 17:59:07.716369
Ulm, Baden-Württemberg, Riederich, 83172, 3855, 2023-02-15 17:59:07.716369
Ulm, Baden-Württemberg, Salem, Baden-Württemberg, 114454, 5659, 2023-02-15 17:59:07.716369
Ulm, Baden-Württemberg, Schwäbisch Gmünd, 58631, 4193, 2023-02-15 17:59:07.716369
Ulm, Baden-Württemberg, Strasbourg, 229704, 9543, 2023-02-15 17:59:07.716369
Ulm, Baden-Württemberg, Stuttgart, 92006, 4252, 2023-02-15 17:59:07.716369
Ulm, Baden-Württemberg, Tuttlingen, 116098, 6852, 2023-02-15 17:59:07.716369
Ulm, Baden-Württemberg, Tübingen, 117001, 4903, 2023-02-15 17:59:07.716369
Ulm, Baden-Württemberg, Vaihingen, 125391, 5267, 2023-02-15 17:59:07.716369
Ulm, Baden-Württemberg, Villingen-Schwenningen, 194196, 7593, 2023-02-15 17:59:07.716369
Ulm, Baden-Württemberg, Weinheim, 220610, 8580, 2023-02-15 17:59:07.716369
Ulm, Baden-Württemberg, Öhringen, 164104, 6499, 2023-02-15 17:59:07.716369
Vaihingen, Aalen, 101489, 5088, 2023-02-15 17:59:07.716369
Vaihingen, Bietigheim, 16908, 1227, 2023-02-15 17:59:07.716369
Vaihingen, Bruchsal, 42237, 2688, 2023-02-15 17:59:07.716369
Vaihingen, Böblingen, 42433, 2376, 2023-02-15 17:59:07.716369
Vaihingen, Esslingen, 39097, 2688, 2023-02-15 17:59:07.716369
Vaihingen, Freiburg, 178548, 7517, 2023-02-15 17:59:07.716369
Vaihingen, Gernsbach, 83250, 4353, 2023-02-15 17:59:07.716369
Vaihingen, Heidelberg, 76168, 4264, 2023-02-15 17:59:07.716369
Vaihingen, Heidenheim, 108330, 6114, 2023-02-15 17:59:07.716369
Vaihingen, Heilbronn, 36869, 2646, 2023-02-15 17:59:07.716369
Vaihingen, Hinterzarten, 185166, 7675, 2023-02-15 17:59:07.716369
Vaihingen, Karlsruhe, 52195, 3088, 2023-02-15 17:59:07.716369
Vaihingen, Konstanz, 197256, 7872, 2023-02-15 17:59:07.716369
Vaihingen, Lahr, 140008, 6178, 2023-02-15 17:59:07.716369
Vaihingen, Ludwigsburg, 27385, 1675, 2023-02-15 17:59:07.716369
Vaihingen, Mannheim, 92865, 5173, 2023-02-15 17:59:07.716369
Vaihingen, Markdorf, 217094, 8724, 2023-02-15 17:59:07.716369
Vaihingen, Merzhausen, 180706, 7733, 2023-02-15 17:59:07.716369
Vaihingen, Offenburg, 120153, 5515, 2023-02-15 17:59:07.716369
Vaihingen, Pforzheim, 24322, 2134, 2023-02-15 17:59:07.716369
Vaihingen, Reutlingen, 73133, 3516, 2023-02-15 17:59:07.716369
Vaihingen, Riederich, 64836, 3089, 2023-02-15 17:59:07.716369
Vaihingen, Salem, Baden-Württemberg, 207651, 8317, 2023-02-15 17:59:07.716369
Vaihingen, Schwäbisch Gmünd, 78242, 3862, 2023-02-15 17:59:07.716369
Vaihingen, Strasbourg, 125282, 6265, 2023-02-15 17:59:07.716369
Vaihingen, Stuttgart, 30115, 2143, 2023-02-15 17:59:07.716369
Vaihingen, Tuttlingen, 149251, 6316, 2023-02-15 17:59:07.716369
Vaihingen, Tübingen, 78432, 3743, 2023-02-15 17:59:07.716369
Vaihingen, Ulm, Baden-Württemberg, 125576, 5356, 2023-02-15 17:59:07.716369
Vaihingen, Villingen-Schwenningen, 139523, 5833, 2023-02-15 17:59:07.716369
Vaihingen, Weinheim, 94630, 4977, 2023-02-15 17:59:07.716369
Vaihingen, Öhringen, 72262, 3310, 2023-02-15 17:59:07.716369
Villingen-Schwenningen, Aalen, 194422, 8518, 2023-02-15 17:59:07.716369
Villingen-Schwenningen, Bietigheim, 137177, 5543, 2023-02-15 17:59:07.716369
Villingen-Schwenningen, Bruchsal, 185825, 7442, 2023-02-15 17:59:07.716369
Villingen-Schwenningen, Böblingen, 97132, 4006, 2023-02-15 17:59:07.716369
Villingen-Schwenningen, Esslingen, 130927, 5699, 2023-02-15 17:59:07.716369
Villingen-Schwenningen, Freiburg, 63320, 3986, 2023-02-15 17:59:07.716369
Villingen-Schwenningen, Gernsbach, 101369, 6506, 2023-02-15 17:59:07.716369
Villingen-Schwenningen, Heidelberg, 212035, 8391, 2023-02-15 17:59:07.716369
Villingen-Schwenningen, Heidenheim, 195353, 8582, 2023-02-15 17:59:07.716369
Villingen-Schwenningen, Heilbronn, 165165, 6906, 2023-02-15 17:59:07.716369
Villingen-Schwenningen, Hinterzarten, 54672, 2709, 2023-02-15 17:59:07.716369
Villingen-Schwenningen, Karlsruhe, 166505, 6889, 2023-02-15 17:59:07.716369
Villingen-Schwenningen, Konstanz, 78969, 3382, 2023-02-15 17:59:07.716369
Villingen-Schwenningen, Lahr, 67849, 4504, 2023-02-15 17:59:07.716369
Villingen-Schwenningen, Ludwigsburg, 135097, 5503, 2023-02-15 17:59:07.716369
Villingen-Schwenningen, Mannheim, 228732, 9301, 2023-02-15 17:59:07.716369
Villingen-Schwenningen, Markdorf, 98808, 4234, 2023-02-15 17:59:07.716369
Villingen-Schwenningen, Merzhausen, 64527, 4145, 2023-02-15 17:59:07.716369
Villingen-Schwenningen, Offenburg, 73700, 4655, 2023-02-15 17:59:07.716369
Villingen-Schwenningen, Pforzheim, 136370, 5943, 2023-02-15 17:59:07.716369
Villingen-Schwenningen, Reutlingen, 102179, 4641, 2023-02-15 17:59:07.716369
Villingen-Schwenningen, Riederich, 109153, 5047, 2023-02-15 17:59:07.716369
Villingen-Schwenningen, Salem, Baden-Württemberg, 89364, 3827, 2023-02-15 17:59:07.716369
Villingen-Schwenningen, Schwäbisch Gmünd, 171175, 7291, 2023-02-15 17:59:07.716369
Villingen-Schwenningen, Strasbourg, 102288, 6059, 2023-02-15 17:59:07.716369
Villingen-Schwenningen, Stuttgart, 117823, 5091, 2023-02-15 17:59:07.716369
Villingen-Schwenningen, Tuttlingen, 33169, 1996, 2023-02-15 17:59:07.716369
Villingen-Schwenningen, Tübingen, 91574, 4110, 2023-02-15 17:59:07.716369
Villingen-Schwenningen, Ulm, Baden-Württemberg, 194283, 7657, 2023-02-15 17:59:07.716369
Villingen-Schwenningen, Vaihingen, 141060, 5878, 2023-02-15 17:59:07.716369
Villingen-Schwenningen, Weinheim, 230497, 9104, 2023-02-15 17:59:07.716369
Villingen-Schwenningen, Öhringen, 179774, 7111, 2023-02-15 17:59:07.716369
Weinheim, Aalen, 210382, 8294, 2023-02-15 17:59:07.716369
Weinheim, Bietigheim, 123279, 4882, 2023-02-15 17:59:07.716369
Weinheim, Bruchsal, 55429, 2405, 2023-02-15 17:59:07.716369
Weinheim, Böblingen, 140221, 5776, 2023-02-15 17:59:07.716369
Weinheim, Esslingen, 149972, 6458, 2023-02-15 17:59:07.716369
Weinheim, Freiburg, 205735, 7808, 2023-02-15 17:59:07.716369
Weinheim, Gernsbach, 110437, 4644, 2023-02-15 17:59:07.716369
Weinheim, Heidelberg, 24284, 1377, 2023-02-15 17:59:07.716369
Weinheim, Heidenheim, 231205, 8916, 2023-02-15 17:59:07.716369
Weinheim, Heilbronn, 87879, 3703, 2023-02-15 17:59:07.716369
Weinheim, Hinterzarten, 231042, 9385, 2023-02-15 17:59:07.716369
Weinheim, Karlsruhe, 75039, 3179, 2023-02-15 17:59:07.716369
Weinheim, Konstanz, 295043, 11272, 2023-02-15 17:59:07.716369
Weinheim, Lahr, 167195, 6469, 2023-02-15 17:59:07.716369
Weinheim, Ludwigsburg, 123879, 5078, 2023-02-15 17:59:07.716369
Weinheim, Mannheim, 19064, 1586, 2023-02-15 17:59:07.716369
Weinheim, Markdorf, 314882, 12124, 2023-02-15 17:59:07.716369
Weinheim, Merzhausen, 207893, 8023, 2023-02-15 17:59:07.716369
Weinheim, Offenburg, 147340, 5806, 2023-02-15 17:59:07.716369
Weinheim, Pforzheim, 95396, 4087, 2023-02-15 17:59:07.716369
Weinheim, Reutlingen, 170921, 6916, 2023-02-15 17:59:07.716369
Weinheim, Riederich, 162624, 6489, 2023-02-15 17:59:07.716369
Weinheim, Salem, Baden-Württemberg, 305438, 11717, 2023-02-15 17:59:07.716369
Weinheim, Schwäbisch Gmünd, 189117, 7631, 2023-02-15 17:59:07.716369
Weinheim, Strasbourg, 152469, 6556, 2023-02-15 17:59:07.716369
Weinheim, Stuttgart, 140990, 5913, 2023-02-15 17:59:07.716369
Weinheim, Tuttlingen, 247039, 9716, 2023-02-15 17:59:07.716369
Weinheim, Tübingen, 176220, 7143, 2023-02-15 17:59:07.716369
Weinheim, Ulm, Baden-Württemberg, 223364, 8756, 2023-02-15 17:59:07.716369
Weinheim, Vaihingen, 97228, 4999, 2023-02-15 17:59:07.716369
Weinheim, Villingen-Schwenningen, 237311, 9233, 2023-02-15 17:59:07.716369
Weinheim, Öhringen, 106257, 4339, 2023-02-15 17:59:07.716369
Öhringen, Aalen, 108407, 4693, 2023-02-15 17:59:07.716369
Öhringen, Bietigheim, 53258, 2484, 2023-02-15 17:59:07.716369
Öhringen, Bruchsal, 92354, 3858, 2023-02-15 17:59:07.716369
Öhringen, Böblingen, 82970, 3699, 2023-02-15 17:59:07.716369
Öhringen, Esslingen, 79951, 4060, 2023-02-15 17:59:07.716369
Öhringen, Freiburg, 242660, 9261, 2023-02-15 17:59:07.716369
Öhringen, Gernsbach, 147362, 6097, 2023-02-15 17:59:07.716369
Öhringen, Heidelberg, 85737, 3623, 2023-02-15 17:59:07.716369
Öhringen, Heidenheim, 129230, 5315, 2023-02-15 17:59:07.716369
Öhringen, Heilbronn, 29258, 1861, 2023-02-15 17:59:07.716369
Öhringen, Hinterzarten, 225703, 8998, 2023-02-15 17:59:07.716369
Öhringen, Karlsruhe, 111964, 4632, 2023-02-15 17:59:07.716369
Öhringen, Konstanz, 237792, 9195, 2023-02-15 17:59:07.716369
Öhringen, Lahr, 204120, 7922, 2023-02-15 17:59:07.716369
Öhringen, Ludwigsburg, 53858, 2680, 2023-02-15 17:59:07.716369
Öhringen, Mannheim, 100710, 4523, 2023-02-15 17:59:07.716369
Öhringen, Markdorf, 257631, 10047, 2023-02-15 17:59:07.716369
Öhringen, Merzhausen, 244819, 9476, 2023-02-15 17:59:07.716369
Öhringen, Offenburg, 184266, 7259, 2023-02-15 17:59:07.716369
Öhringen, Pforzheim, 96961, 4401, 2023-02-15 17:59:07.716369
Öhringen, Reutlingen, 113670, 4839, 2023-02-15 17:59:07.716369
Öhringen, Riederich, 105373, 4412, 2023-02-15 17:59:07.716369
Öhringen, Salem, Baden-Württemberg, 248187, 9640, 2023-02-15 17:59:07.716369
Öhringen, Schwäbisch Gmünd, 63284, 4261, 2023-02-15 17:59:07.716369
Öhringen, Strasbourg, 189395, 8009, 2023-02-15 17:59:07.716369
Öhringen, Stuttgart, 70969, 3515, 2023-02-15 17:59:07.716369
Öhringen, Tuttlingen, 189788, 7639, 2023-02-15 17:59:07.716369
Öhringen, Tübingen, 118969, 5066, 2023-02-15 17:59:07.716369
Öhringen, Ulm, Baden-Württemberg, 166113, 6679, 2023-02-15 17:59:07.716369
Öhringen, Vaihingen, 72928, 3344, 2023-02-15 17:59:07.716369
Öhringen, Villingen-Schwenningen, 180060, 7155, 2023-02-15 17:59:07.716369
Öhringen, Weinheim, 104200, 4336, 2023-02-15 17:59:07.716369
